,,,,,,,,,,,
,ELECTROLINERA 60KW,,,,,,,,,,
,,,,,,,,,,,
,VENTA DE UNIDADES,,,,,,,,,,
,PRECIO ELECTROLINERA," $  120.000.000,00 ",,,,,,,,,
,DESCUENTO,0%,,,,,,,,,
,PRECIO FINAL,$ 0,,,,,,,,,
,PRECIO KW/h ELECTROLINERA,"$ 1.900,00",,,,,,,,,
,PRECIO KW/h ESSA,"$ 1.000,00",,,,,,,,,
,COMSION ADQUIRENCIA,5%,,,,,,,,,
,COSTO ADMINISTRACION GE,10%,,,,,,,,,
,CAPACIDAD DEL VEHICULO,50,,,,,,,,,
,,,,,,,,,,,
,,,,,,,,,,,
,SIMULADOR PARA FARMERS,,,,,,,,,,
,PROYECCION 10 AÑOS,AÑO 1,AÑO 2,AÑO 3,AÑO 4,AÑO 5,AÑO 6,AÑO 7,AÑO 8,AÑO 9,AÑO 10
,PRECIO GRANJA KW/h," $  1.000,00 "," $  1.060,00 "," $  1.123,60 "," $  1.191,02 "," $  1.262,48 "," $  1.338,23 "," $  1.418,52 "," $  1.503,63 "," $  1.593,85 "," $  1.689,48 "
,PRECIO ELECTROLINERA KW/h," $  1.900,00 "," $  2.014,00 "," $  2.134,84 "," $  2.262,93 "," $  2.398,71 "," $  2.542,63 "," $  2.695,19 "," $  2.856,90 "," $  3.028,31 "," $  3.210,01 "
,CARGAS MENSUALES DE 50KWh,"90,00","99,00","108,90","119,79","131,77","144,95","159,44","175,38","192,92","212,22"
,KWh VENDIDOS,4500,4950,5445,5990,6588,7247,7972,8769,9646,10611
,INGRESOS ELECTROLINERA," $  8.550.000,00 "," $  9.969.300,00 "," $  11.624.203,80 "," $  13.553.821,63 "," $  15.803.756,02 "," $  18.427.179,52 "," $  21.486.091,32 "," $  25.052.782,48 "," $  29.211.544,37 "," $  34.060.660,74 "
,COSTO ENERGIA," $  4.500.000,00 "," $  5.247.000,00 "," $  6.118.002,00 "," $  7.133.590,33 "," $  8.317.766,33 "," $  9.698.515,54 "," $  11.308.469,12 "," $  13.185.674,99 "," $  15.374.497,04 "," $  17.926.663,55 "
,COMISION ADQUIRENCIA," $  427.500,00 "," $  498.465,00 "," $  581.210,19 "," $  677.691,08 "," $  790.187,80 "," $  921.358,98 "," $  1.074.304,57 "," $  1.252.639,12 "," $  1.460.577,22 "," $  1.703.033,04 "
,ADMINISTRACION GE," $  855.000,00 "," $  996.930,00 "," $  1.162.420,38 "," $  1.355.382,16 "," $  1.580.375,60 "," $  1.842.717,95 "," $  2.148.609,13 "," $  2.505.278,25 "," $  2.921.154,44 "," $  3.406.066,07 "
,UTILIDAD BRUTA MENSUAL," $  2.767.500,00 "," $  3.226.905,00 "," $  3.762.571,23 "," $  4.387.158,05 "," $  5.115.426,29 "," $  5.964.587,06 "," $  6.954.708,51 "," $  8.109.190,12 "," $  9.455.315,68 "," $  11.024.898,08 "
,UTILIDAD BRUTA ANUAL," $  33.210.000,00 "," $  38.722.860,00 "," $  45.150.854,76 "," $  52.645.896,65 "," $  61.385.115,49 "," $  71.575.044,67 "," $  83.456.502,08 "," $  97.310.281,43 "," $  113.463.788,14 "," $  132.298.776,97 "
,RENTABILIDAD MENSUAL,"2,31%","2,69%","3,14%","3,66%","4,26%","4,97%","5,80%","6,76%","7,88%","9,19%"
,,,,,,,,,,,
,,,,,,,,,,,
,,,,,,,,,,,
,ELECTROLINERA 120KW,,,,,,,,,,
,,,,,,,,,,,
,VENTA DE UNIDADES,,,,,,,,,,
,PRECIO ELECTROLINERA," $  180.000.000,00 ",,,,,,,,,
,DESCUENTO,0%,,,,,,,,,
,PRECIO FINAL,$ 0,,,,,,,,,
,PRECIO KW/h ELECTROLINERA,"$ 1.900,00",,,,,,,,,
,PRECIO KW/h ESSA,"$ 1.000,00",,,,,,,,,
,COMSION ADQUIRENCIA,5%,,,,,,,,,
,COSTO ADMINISTRACION GE,10%,,,,,,,,,
,CAPACIDAD DEL VEHICULO,50,,,,,,,,,
,,,,,,,,,,,
,,,,,,,,,,,
,SIMULADOR PARA FARMERS,,,,,,,,,,
,PROYECCION 10 AÑOS,AÑO 1,AÑO 2,AÑO 3,AÑO 4,AÑO 5,AÑO 6,AÑO 7,AÑO 8,AÑO 9,AÑO 10
,PRECIO GRANJA KW/h," $  1.000,00 "," $  1.060,00 "," $  1.123,60 "," $  1.191,02 "," $  1.262,48 "," $  1.338,23 "," $  1.418,52 "," $  1.503,63 "," $  1.593,85 "," $  1.689,48 "
,PRECIO ELECTROLINERA KW/h," $  1.900,00 "," $  2.014,00 "," $  2.134,84 "," $  2.262,93 "," $  2.398,71 "," $  2.542,63 "," $  2.695,19 "," $  2.856,90 "," $  3.028,31 "," $  3.210,01 "
,CARGAS MENSUALES DE 50KWh,"240,00","264,00","290,40","319,44","351,38","386,52","425,17","467,69","514,46","565,91"
,KWh VENDIDOS,12000,13200,14520,15972,17569,19326,21259,23385,25723,28295
,INGRESOS ELECTROLINERA," $  22.800.000,00 "," $  26.584.800,00 "," $  30.997.876,80 "," $  36.143.524,35 "," $  42.143.349,39 "," $  49.139.145,39 "," $  57.296.243,52 "," $  66.807.419,95 "," $  77.897.451,66 "," $  90.828.428,64 "
,COSTO ENERGIA," $  12.000.000,00 "," $  13.992.000,00 "," $  16.314.672,00 "," $  19.022.907,55 "," $  22.180.710,21 "," $  25.862.708,10 "," $  30.155.917,64 "," $  35.161.799,97 "," $  40.998.658,77 "," $  47.804.436,12 "
,COMISION ADQUIRENCIA," $  1.140.000,00 "," $  1.329.240,00 "," $  1.549.893,84 "," $  1.807.176,22 "," $  2.107.167,47 "," $  2.456.957,27 "," $  2.864.812,18 "," $  3.340.371,00 "," $  3.894.872,58 "," $  4.541.421,43 "
,ADMINISTRACION GE," $  2.280.000,00 "," $  2.658.480,00 "," $  3.099.787,68 "," $  3.614.352,43 "," $  4.214.334,94 "," $  4.913.914,54 "," $  5.729.624,35 "," $  6.680.741,99 "," $  7.789.745,17 "," $  9.082.842,86 "
,UTILIDAD BRUTA MENSUAL," $  7.380.000,00 "," $  8.605.080,00 "," $  10.033.523,28 "," $  11.699.088,14 "," $  13.641.136,78 "," $  15.905.565,48 "," $  18.545.889,35 "," $  21.624.506,98 "," $  25.214.175,14 "," $  29.399.728,22 "
,UTILIDAD BRUTA ANUAL," $  88.560.000,00 "," $  103.260.960,00 "," $  120.402.279,36 "," $  140.389.057,73 "," $  163.693.641,32 "," $  190.866.785,78 "," $  222.550.672,22 "," $  259.494.083,80 "," $  302.570.101,71 "," $  352.796.738,60 "
,RENTABILIDAD MENSUAL,"4,10%","4,78%","5,57%","6,50%","7,58%","8,84%","10,30%","12,01%","14,01%","16,33%"
,,,,,,,,,,,
,,,,,,,,,,,
,,,,,,,,,,,
,ELECTROLINERA 120KW,,,,,,,,,,
,,,,,,,,,,,
,VENTA DE UNIDADES,,,,,,,,,,
,PRECIO ELECTROLINERA," $  250.000.000,00 ",,,,,,,,,
,DESCUENTO,0%,,,,,,,,,
,PRECIO FINAL,$ 0,,,,,,,,,
,PRECIO KW/h ELECTROLINERA,"$ 1.900,00",,,,,,,,,
,PRECIO KW/h ESSA,"$ 1.000,00",,,,,,,,,
,COMSION ADQUIRENCIA,5%,,,,,,,,,
,COSTO ADMINISTRACION GE,10%,,,,,,,,,
,CAPACIDAD DEL VEHICULO,50,,,,,,,,,
,,,,,,,,,,,
,,,,,,,,,,,
,SIMULADOR PARA FARMERS,,,,,,,,,,
,PROYECCION 10 AÑOS,AÑO 1,AÑO 2,AÑO 3,AÑO 4,AÑO 5,AÑO 6,AÑO 7,AÑO 8,AÑO 9,AÑO 10
,PRECIO GRANJA KW/h," $  1.000,00 "," $  1.060,00 "," $  1.123,60 "," $  1.191,02 "," $  1.262,48 "," $  1.338,23 "," $  1.418,52 "," $  1.503,63 "," $  1.593,85 "," $  1.689,48 "
,PRECIO ELECTROLINERA KW/h," $  1.900,00 "," $  2.014,00 "," $  2.134,84 "," $  2.262,93 "," $  2.398,71 "," $  2.542,63 "," $  2.695,19 "," $  2.856,90 "," $  3.028,31 "," $  3.210,01 "
,CARGAS MENSUALES DE 50KWh,"450,00","495,00","544,50","598,95","658,85","724,73","797,20","876,92","964,61","1061,08"
,KWh VENDIDOS,22500,24750,27225,29948,32942,36236,39860,43846,48231,53054
,INGRESOS ELECTROLINERA," $  42.750.000,00 "," $  49.846.500,00 "," $  58.121.019,00 "," $  67.769.108,15 "," $  79.018.780,11 "," $  92.135.897,61 "," $  107.430.456,61 "," $  125.263.912,40 "," $  146.057.721,86 "," $  170.303.303,69 "
,COSTO ENERGIA," $  22.500.000,00 "," $  26.235.000,00 "," $  30.590.010,00 "," $  35.667.951,66 "," $  41.588.831,64 "," $  48.492.577,69 "," $  56.542.345,58 "," $  65.928.374,95 "," $  76.872.485,19 "," $  89.633.317,73 "
,COMISION ADQUIRENCIA," $  2.137.500,00 "," $  2.492.325,00 "," $  2.906.050,95 "," $  3.388.455,41 "," $  3.950.939,01 "," $  4.606.794,88 "," $  5.371.522,83 "," $  6.263.195,62 "," $  7.302.886,09 "," $  8.515.165,18 "
,ADMINISTRACION GE," $  4.275.000,00 "," $  4.984.650,00 "," $  5.812.101,90 "," $  6.776.910,82 "," $  7.901.878,01 "," $  9.213.589,76 "," $  10.743.045,66 "," $  12.526.391,24 "," $  14.605.772,19 "," $  17.030.330,37 "
,UTILIDAD BRUTA MENSUAL," $  13.837.500,00 "," $  16.134.525,00 "," $  18.812.856,15 "," $  21.935.790,27 "," $  25.577.131,46 "," $  29.822.935,28 "," $  34.773.542,53 "," $  40.545.950,59 "," $  47.276.578,39 "," $  55.124.490,41 "
,UTILIDAD BRUTA ANUAL," $  166.050.000,00 "," $  193.614.300,00 "," $  225.754.273,80 "," $  263.229.483,25 "," $  306.925.577,47 "," $  357.875.223,33 "," $  417.282.510,40 "," $  486.551.407,13 "," $  567.318.940,71 "," $  661.493.884,87 "
,RENTABILIDAD MENSUAL,"5,54%","6,45%","7,53%","8,77%","10,23%","11,93%","13,91%","16,22%","18,91%","22,05%"